<GDAL_WMS>
    <Service name="WMS">
        <Version>1.3.0</Version>
        <ServerURL>http://raster.nationalmap.gov/arcgis/services/Orthoimagery/USGS_EROS_Ortho_1Foot/ImageServer/WMSServer?</ServerURL>
        <CRS>CRS:84</CRS>
        <ImageFormat>image/png</ImageFormat>
        <Layers>0</Layers>
    </Service>
    <DataWindow>
        <UpperLeftX>-74.054444</UpperLeftX>
        <UpperLeftY>40.699167</UpperLeftY>
        <LowerRightX>-74.034444</LowerRightX>
        <LowerRightY>40.679167</LowerRightY>
        <SizeX>300</SizeX>
        <SizeY>300</SizeY>
    </DataWindow>
    <BandsCount>4</BandsCount>
</GDAL_WMS>
